Brewery,matches
Uerige Obergärige Hausbrauerei,Uerige Obergärige Hausbrauerei GmbH / Zum Uerige
Off Color Brewing,
Victory Brewing Company - Downingtown,Victory Brewing Company
Hops & Grain Brewing,Hops & Grain
Union Craft Brewing Company,Craft Brewing Company
Freigeist Bierkultur,
Zipline Brewing Co,
Jester King Brewery,Jester King Craft Brewery
Duckstein GmbH,
Cedar Creek Brewery,
3 Nations Brewing Co.,
Bell's Brewery - Eccentric Café & General Store,
Dogfish Head Craft Brewery,Dogfish Head Brewery
Central Waters Brewing Co.,Central Waters Brewing Company
3 Floyds Brewing Co.,
Hair Of The Dog Brewing Company / Brewery And Tasting Room,Hair of the Dog Brewing Company / Brewery and Tasting Room
Brasserie Dieu du Ciel!,Brasserie Dieu Du Ciel
Otter Creek Brewing,Otter Creek Brewing / Wolaver's
Hangar 24 Brewing,
Full Sail Brewing Company,
Trillium Brewing Company,
Pipeworks Brewing Company,
The Schlafly Tap Room,
Fordham & Dominion Brewing Company,
Shipyard Brewing Company,Shipyard Brewing Co.
Harvey's Brewery,Brü
Crazy Mountain Brewery,
Central City Brewers + Distillers,
Redhook Brewlab,Brü
Eagle Brewery,Brü
Tree House Brewing Company,Barrel House Brewing Company
French Broad River Brewing,French Broad Brewing Co.
Great Lakes Brewing Co.,Great Lakes Brewing Company
Bent Paddle Brewing Co.,
Banks's Park Brewery,
Community Beer Company,
George Bateman & Son / Batemans Brewery,George Bateman and Son Ltd. / Batemans Brewery
Southern Prohibition Brewing,
Oasis Texas Brewing Company,
Budweiser Brewing Group UK&I,
Timothy Taylor's Brewery,
Side Project Brewing,
Brasserie Licorne,Brasserie la Cornue
Brouwerij Kortrijk-Dutsel,
Forbidden Root Restaurant & Brewery,
Rügener Insel Brauerei GmbH,
Calicraft Brewing Co.,
Transient Artisan Ales,
Pivovarský dům,
Handbrauerei Gerhard Forstner,
Brasserie Lion,Brasserie Simon
Old Bisbee Brewing Company,
Jaks Brewing Co.,Brü
Barrel + Beam,
Heirloom Rustic Ales,
Morada Cia Etílica,
Cloudwater Brew Co.,
Tired Hands Brewing Company,
Fossil Craft Beer Company,
Ahnapee Brewery,Brü
Bruz Beers,Brü
SchwarzwaldGold Braumanufaktur,
Brewery Bhavana,Brü
Birds Fly South Ale Project,
Staggeringly Good,
Bissell Brothers Brewing Co.,
Pike Brewing Company,Aiken Brewing Company
Rhinegeist Brewery,
Difcom,
The Musketeers Brouwerijcafé,
De Brabandere,Brü
Wicked Weed Brewing,
Leroy Breweries,Brü
Two Roads Brewing Company,
Andean Brewing Company / Nap Time Liquid Creation,
Roman N.V.,Brouwerij Roman N.V.
West Sixth Brewing Company,West Brewing Company
Ayinger Privatbrauerei,
Paulaner Brauerei,Paulaner Brauerei GmbH & Co. KG
Augustiner-Bräu,Augustiner Bräu Kloster Mülln OHG
Atwater Brewery,Atwater Block Brewery
Wagner Valley Brewing Co.,
Einstök Ölgerð (Einstök Beer Company),Einstök Ölgerð
Vancouver Island Brewing,Island Brew
Strangeways Brewing,
New Braunfels Brewing Company,
Distillerie Fils du Roy,
Störtebeker Braumanufaktur,
"Bayern Brewing, Inc. / Edelweiss Bistro","Bayern Brewing, Inc."
Harpoon Brewery & Beer Hall,Harpoon Brewery
Brouwerij De Moersleutel,
Revelry Brewing Co,
Gananoque Brewing Company,Anxanum Brewing Company
Wayward Brewing,Brü
Lehe Pruulikoda,
Parched Eagle Brewpub,
Antlabräu,Brü
Holsten-Brauerei,Bolten Brauerei
Mahr's Bräu,Mahrs-Bräu
Foothills Brewing Company - Downtown Brewpub,Foothills Brewing Company
Matt Brewing Company / Saranac Brewery,Matt Brewing Company
Revolver Brewing,Brü
Martin House Brewing Company,Madhouse Brewing Company
Lost Forty Brewery,
Rivertown Brewery & Barrel House,
Perrin Brewing Co.,
Fat Head's Brewery & Saloon,Fat Heads Brewery & Saloon
Neshaminy Creek Brewing Company,Sand Creek Brewing Company
Brauhaus Riegele,Brü
Scuttlebutt Brewing Company - Restaurant and Pub,Scuttlebutt Brewing Company
Maisel & Friends,
Urban Chestnut Brewing Company - Midtown Brewery & Biergarten,Urban Chestnut Brewing Company
Brauerei Ladenburger,Brauerei Ladenburger GmbH
Aktienbrauerei Kaufbeuren AG,Aktien-Brauerei Kaufbeuren AG
Atlantic Brewing Company / Mainely Meat BBQ,
OEC Brewing (Ordinem Ecentrici Coctores),
The Lone Pint Brewery,
Lakes & Legends Brewing Company,
Scarlet Lane Brewing Company,
Strange Land Brewery,
Funky Buddha Brewery,
All or Nothing Brewhouse,
Rapp Brewing Company,Apex Brewing Company
Guadalupe Brewing Co.,
Rooftop Brewing Company,Roth Brewing Company
The New Old Lompoc,
Black Acre Brewing Co.,Black Oak Brewing Co.
Viking Braggot Company,
Parallel 49 Brewing Company,
Outlaw Brewing,Brü
Scantic River Brewery,
Tributary Brewing Co.,
Bog Iron Brewing,
Stone Brewing,Stone Brewing Co.
Kent Falls Brewing Company,Falls Brewing Company
Proclamation Ale Company,
2nd Shift Brewing,
Lake Effect Brewing Co.,
Crane Brewing Company,Craggie Brewing Company
Other Half Brewing Company,
Port Brewing,Brü
Humboldt Brewing Co.,
Prairie Artisan Ales,
Lonerider Brewing Company,Lonerider Brewing
Brasserie Artisanale De Rulles SPRL,Brasserie Artisanale De Rullés SPRL
Rinkuškiai,Rinkuškiai Alaus Darykloje
BOMBrewery,Brü
Societe Brewing Co.,
Gentse Gruut Brouwerij,
Strange Roots Experimental Ales,
Brasserie Kazematten,Matten
Penrose Brewing,Brü
Fossil Cove Brewing Co.,
Taxman Brewing Co.,
Upslope Brewing Company - Lee Hill,Upslope Brewing Company
Nebraska Brewing Company Production Brewery & Tap Room,Nebraska Brewing Company
Hi-Wire Brewing,Brü
Blackstone Brewing Company,Stone Brewing Co.
Atlas Brew Works,Brü
St. Paul Brewing,Brü
Gnarly Barley Brewing Company,Barley's Brewing Company
Last Name Brewing,
Fat Point Brewing,
Boston Beer Works - Canal Street,Beer Works
33 Acres Brewing Co.,
Sunken City Brewing Company,
St. Florian's Brewery,
Tin Whiskers Brewing Company,
Ardent Craft Ales,
Kinslahger Brewing Company,"Kinsale Brewing Company,"
Cinder Block Brewery,
Key Brewing Co.,"Bad Monkey Brewing Company, LLC"
Yoerg Brewing Company,Ayr Brewing Company
Radical Road Brewing Co.,
Iowa Brewing Company,Moa Brewing Company
Arrogant Consortia,
Country Boy Brewing,
Sawdust City Brewing Co.,Sawdust City Brewing Company
Banger Brewing,
Cerveceria Azteca,
Sante Adairius Rustic Ales,
Finback Brewery,Brü
New Belgium Brewing Company,New Belgium Brewing
Due South Brewing Co.,New South Brewing Co.
Alltech's Lexington Brewing and Distilling Co.,Alltech’s Lexington Brewing and Distilling Co.
Forgotten Boardwalk Brewing,
Newburgh Brewing Company,
Swamp Head Brewery,Swamp Head Brewery & Tasting Room
Mike Hess Brewing - Miramar,Mike Hess Brewing
Blackrocks Brewery,
Catawba Brewing Co.,
8th Wonder Brewery,
Warped Wing Brewing Company,
Empire Brewing Company - Brewpub,Empire Brewing Company
Burlington Beer Co.,
Bières de Chimay,Bières de Chimay S.A.
Stift Engelszell,
Huisbrouwerij De Halve Maan,Brouwerij Straffe Hendrik / Huisbrouwerij De Halve Maan
Petoskey Brewing Company,Tokyo Brewing Company
BFM (Brasserie des Franches-Montagnes),BFM Brasserie Des Franches-Montagnes
Brasserie 3 MONTS,Brasserie Des Monts
Brasserie Au Baron,
Casey Brewing & Blending,
The Ale Apothecary,
Scratch Brewing Company,Craft Brewing Company
Fonta Flora Brewery,
MobCraft Beer,
Tempest Brewing Company,Temple Brewing Company
Venn Brewing Co.,Brü
HammerHeart Brewing Company,
BS Brewing,Brü
Browar Pinta,Brü
Batch Brewing Company,Beach Brewing Company
Sahtipaja,
The Intrepid Sojourner Beer Project,
Dry River Brewing,Rocky River Brewing
El Rancho Brewing Company,El Dorado Brewing Company
Double Shift Brewing Company,
Bar Hygge / Brewery Techne,
COHO Brewing Co.,Brü
LaBEERint Brewery,
Liquid Riot Bottling Company,
The Hidden Mother Brewery,The Hidden Brewery
Refined Fool Brewing Co.,
Fetish Brewing Company,Pictish Brewing Company
Browar Bazyliszek,
Cloudcroft Brewing Company,
Bruery Terreux,Brü
The Traveler Beer Co.,
D9 Brewing Company,192 Brewing Company
Mountain Town Brewing Co.,
4th Tap Brewing Co-op,
The White Hag Irish Brewing Company,Irish Brewing Company
Salt Spring Island Ales,
Earth Eagle Brewings,
Picaroons Traditional Ales,
The Beer Diviner,
Fox Farm Brewery,Brü
Oliphant Brewing,Brü
Propolis Brewing,Brü
Coors Brewing Company (Molson-Coors),Coors Brewing Company
Coney Island Brewing Company,Island Brewing Company
Brasserie Des Légendes,Brasserie Des Fagnes
Indeed Brewing Company - Minneapolis,
Elevation Beer Co.,
Jailbreak Brewing Company,Breaker Brewing Company
Brouwerij Brasserie De Ranke,
Lakewood Brewing Company,Elmwood Brewing Company
Solemn Oath Brewery,
Picobrouwerij Alvinne,Picobrouwerij Alvinne / Den Bierzolder
Old Nation Brewing Co.,
Fair State Brewing Cooperative,
Free Will Brewing Co.,
Matchless Brewing,
Alvarado Street Brewery,
Platform Beer Co.,
Big Storm Brewing Company - Odessa,Storm Brewing
Untitled Art,
Paradox Beer Company,
Great Heights Brewing Company,
4204 Main Street Brewing Co.,
Riverwalk Brewing,
The Shed Brewery,Brü
Cerveceria Mexicana S.A. De C.V.,Cervecera Mexicana S.A. De C.V.
Temperance Beer Co.,
Double Trouble Brewing Co.,Trouble Brewing
Marston's Plc.,Marston's PLC
The St. George Brewing Company,"St. George Brewing Company, The"
Lord Hobo Brewing Company,
Foundation Brewing Company,
SingleCut Beersmiths,
American Solera,
Long Beach Beer Lab,
Benchtop Brewing Company,Beach Brewing Company
Pig Pounder Brewery,
Volfas Engelman,Vofas-Engelman
Gutta,
Wild Mind Artisan Ales,
Ilgezeem,
Bouquet Of Chuvashia (Cheboksarskaya Pivovariya),
Vilniaus Tauras,
Yarilo,
Brauerei Früh am Dom,Brauerei Früh Am Dom
MadTree Brewing,Brü
Saint Archer Brewing Co.,
Four Peaks Brewing Company - 8th Street Brewery,Four Peaks Brewing Company
Cervecería Nacional Dominicana,Cerveceria Nacional Dominicana
San Miguel Brewery Inc.,
Unicer União Cervejeira S.A.,UNICER União Cervejeira S.A.
Dixie Beer,
Yuengling Brewery,Yuengling Brewery 
Saucony Creek Brewing Company + Gastropub,
UAB Švyturys - Utenos alus,UAB Švyturys
Flensburger Brauerei,Flensburger Brauerei GmbH Und Co. KG
Browar Łomża Sp. z o.o.,
Sudwerk Brewing Company,Sudwerk
Nils Oscar,the Nils Oscar Company
Adams Street Brewery,
Oettinger Brauerei GmbH,Oettinger Brauerei
Lager Heads Smokehouse & Brewing Co.,Lagerheads Smokehouse & Brewing Co.
"Budějovický Budvar, n.p.",
Waterloo Brewing,Brü
První Budějovický Pivovar Samson,
Susquehanna Brewing Company,
Žatecký Pivovar,Žatecký Pivovar
U Fleků Pivovar a Restaurace,U Fleků Pivovaru a Restauraci
Měšťanský pivovar Havlíčkův Brod,
Suarez Family Brewery,
Pecatonica Beer Company,
Asia Pacific Breweries Limited,Asia Pacific Breweries Ltd.
Tyskie Browary Książęce (SABMiller),
Swinkels Family Brewers,
Brouwerij Nacional Balashi,Browerij Nacional Balashi
Brasserie des Gabariers (L&L Cognac SA),Brasserie Des Gabariers (L&L Cognac SA)
von Trapp Brewing,
Church Street Brewing Company,Z Street Brewing Company
Bunker Brewing Co.,Buckner Brewing Co.
Great Raft Brewing,
Deep River Brewing Co.,
Ironfire Brewing Company,Iron Fist Brewing Company
Burial Beer Co.,
Fieldwork Brewing Co.,
Brickway Brewery & Distillery,
Brasserie Artisanale Maltstrom,
The Lucky Drink Company,
Bottle Logic Brewing,
Modist Brewing Co.,
MIA Beer Co.,
pFriem Family Brewers,
Elder Pine Brewing & Blending Co,
Band of Bohemia,
Sketchbook Brewing Company,
Threes Brewing,Brü
Level Beer,
The Dandy Brewing Company,
Schilling Beer Co.,
Proper Saké Co.,
Three Taverns Craft Brewery,
Siamsato Brewery,Brü
Voodoo Brewery,Brü
Brouwerij 3 Fonteinen,Brouwerij Drie Fonteinen
Privatbrauerei H. Egerer,
Kaiser Bräu,Brü
Silver City Brewing Co. / Silver City Restaurant & Ale House,Ale House
Night Shift Brewing,
Ecliptic Brewing,Brü
Rainier Brewing Co.,
Pedernales Brewing Company,
Backpocket Brewing,
Prost Brewing Co. - Denver,
Yee-Haw Brewing Co.,
KC Bier Co.,
Brauerei-Gasthof Zwönitz,
Listermann Brewing Company,Hermann Brewing Company
Fort Point Beer Company,
Right Proper Brewing Company - Shaw Brewpub,
Great North Aleworks,
Gänstaller Braumanufaktur,
Fort Hill Brewery,
Resignation Brewery,
Bauhaus Brew Labs,
Pivovar Herold Březnice A.s.,Pivovar Herold B&#345;eznice A.s.
Double Nickel Brewing Company,Double Take Brewing Company
Funk Factory Geuzeria,
Van Dyck - Mad Jack Brewing,
Lambiek Fabriek,Brü
The Referend Bier Blendery,
Den Herberg,
Brouwerij Bockor N.V. / Brouwerij Omer Vander Ghinste,Brouwerij Bockor N.V.
Common Roots Brewing Company,
Bokke,
Athletic Brewing Co.,
Privatbrauerei Eichbaum,Privatbrauerei Eichbaum GmbH & Co. KG
WellBeing Brewing,
Cervecería Vegana S.A.,"Cerveceria Vegana, S.A."
Bravus Brewing Company,Bray's Brewing Company
Brauerei Gebrüder Maisel,Brauerei Gebrüder Maisel GmbH & Co.
Lion Bridge Brewing Company,
Dragoon Brewing Co.,
Brains,Brü
First Magnitude Brewing Company,
Machine House Brewery - Georgetown,
Logboat Brewing Co.,
Edmund's Oast Brewing Company,
Karben4 Brewing,Brü
Brasseur De Montréal,Brasseurs De Montréal
Pikes Peak Brewing Company,Peak Brewing Company
The Flagship Brewing Company,
Defiance Brewing Co.,
Boxcar Brewing Company,Arbor Brewing Company
Hogshead Brewery,Brü
Firefly Hollow Brewing Co.,
MacLeod Ale Brewing Company,
Hanlons Brewery,Brü
Brew Gentlemen,Brü
Fairhope Brewing Company,
Comrade Brewing Company,Cody Brewing Company
Tangled Roots Brewing Company / The Lone Buffalo,
BearWaters Brewing Co.,
Pizza Port Solana Beach,
Water Street Brewing Co.,Water Street Brewing & Ale House
Ballad Brewing,Brü
Hoots Roller Bar & Beer Co.,
Modern Times Beer,
Guinness Open Gate Brewery & Barrel House,
The Wild Beer Co.,
Tallgrass Brewing Co. Tap House,
The Spencer Brewery,
Antwerpse Brouw Compagnie N.V.,
Abbey Brewing Co. (Monastery Of Christ In The Desert),Abbey Brewing Co.
John Smith's Brewery (Heineken UK),
Plzeňský Prazdroj,
Karlovačko Pivovara,
Wiseacre Brewing,Brü
Champion Brewing Company,
Friesisches Brauhaus zu Jever,Friesisches Brauhaus zu Jever GmbH & Co KG
DESTIHL Brewery,Brü
Propeller,
MAD Beer,
Moody Tongue Brewing Company,
Parkway Brewing Co.,
Collective Arts Brewing,
Big Woods Brewing Co. / Quaff On! Brewing Company,Big Woods Brewing Co.
Alewerks Brewing Company,
O'so Brewing Company & Tap House,O'so Brewing Company
Foolproof Brewing Company,
Spiteful Brewing,Brü
Stoneface Brewing Co.,Stone Brewing Co.
COOP Ale Works,Coop Ale Works
Angry Chair Brewing,
Reuben's Brews,Brü
Kelsen Brewing Company,Edsten Brewing Company
Four Corners Brewing Company,Four + Brewing Company
18th Street Brewery - Gary Taproom,
Shared Brewing,Brü
The Mitten Brewing Co.,
Busted Sandal Brewing Company,
New Glory Craft Brewery,
Pulpit Rock Brewing Company,
Narrow Gauge Brewing Company,Narrow Gauge Brewing Co.
Frost Beer Works,Beer Works
Barreled Souls Brewing Company,Barrel House Brewing Company
Rare Form Brewing Company,
Marz Community Brewing,
Blindman Brewing,Brü
Cellarmaker Brewing Co.,
Beavertown Brewery,Beartown Brewery
Quest Brewing Co.,Brü
Northbound Brewpub,
Yellow Dog Brewing,
Bevog Brewery,Brü
Stagecoach Brewing Company,
Uncle Leo's Brewery,
Three Magnets Brewing,
Whole Hog Beer,
Vliegende Paard Brouwers,
Wild Heaven Beer,
Finch Beer Co.,Finch's Beer Co.
Apocalypse Ale Works,
Mispillion River Brewing,
Rushing Duck Brewing Company,
Newport Craft Brewing & Distilling Co.,
Brew Bus Brewing,Brü
Three Notch'd Brewing Company - Charlottesville Brewery & Restaurant,
Tall Tales Brewing Company,
Apostelbräu,Brü
1940's Brewing Company,192 Brewing Company
All Saints Brewing Company,Half Pints Brewing Company
Back Pew Brewing Company,50 Back Brewing Company
Gneiss Brewing Company,Jones Brewing Company
Steel & Oak Brewing Co.,
Waldmann Brewery & Wurstery,
Mason's Brewing Company,Mallinsons Brewing Company
Los Angeles Ale Works,
Greenpoint Beer & Ale Company,
Schoppe Bräu,Brü
Rip Current Brewing,
Roundabout Brewery,
Short Fuse Brewing Company,
Day Block Brewing Company,Day Brewing Company
Monocacy Brewing Co.,
Grapevine Craft Brewery,
Traquair House Brewery,Traquair House Brewery Lld
KettleHouse Brewing Co. (Southside Taproom),
Rivertowne Brewing,Rivertown Brewing Co.
White Street Brewing Co.,
The Able Ebenezer Brewing Company,
West O Beer,
Adroit Theory Brewing Company,
Browar w Grodzisku Wielkopolskim,
Creature Comforts,
J. Wakefield Brewing,
de Garde Brewing,Brü
Great Notion Brewing,
Burley Oak Brewing Co.,
Brouwerij 't Verzet,
Crux Fermentation Project,
Brewery Bourgogne Des Flandres,
Lost Nation Brewing,
Ritterguts Gose,
Grimm Artisanal Ales,
Rhinelander Brewing Company,Lander Brewing Company
14th Star Brewing Co.,4th Street Brewing Co.
Ozark Beer Co.,
HenHouse Brewing,Brü
Green Bench Brewing Co.,
Gun Hill Brewing Company,Hill Brewing Company
Belching Beaver Brewery,
Peticolas Brewing Company,
"Holy Mackerel Small Batch Beers ""the garage project""",
Mount Saint Bernard Abbey,
The Lord Nelson Brewery Hotel,Lord Nelson Brewery Hotel
3 Sheeps Brewing,Brü
Piney River Brewing Co.,Piney River Brewing Company
Carson's Brewery,Brü
Magnify Brewing Company,
Kalona Brewing Company,Galena Brewing Company
Cranker's Brewery,
Only Child Brewing Company,
Crystal Ball Brewing Company,
Wooha Brewing Company,Moa Brewing Company
Generations Brewing,
Brew Rebellion,Brü
Four City Brewing Company,Four + Brewing Company
Steam Plant Brewing Company / Stacks Restaurant,
Wren House Brewing Co,Firehouse Brewing Co.
Summit City Brewerks,
BiXi Beer,
Rare Bird Brewpub,
Thomas Albright,Brü
Graminger Weissbräu,
Tin Man Brewing Company,
Aeronaut Brewing Company,Carolina Brewing Company
Barnstable Brewing,
Prohibition Brewing Company,
Jaws Brewery,Brü
Meadowlark Brewing,
Utepils Brewing Co,
Dust Bowl Brewing Company - Downtown Taproom,Dust Bowl Brewing Company
Griffin Claw Brewing Company,
Anthem Brewing Company,Panther Brewing Company
Aslin Beer Company,
Stony Creek Brewery,
